id,first_name,last_name,email,gender,ip_address
1,Adriaens,McCrainor,amccrainor0@gizmodo.com,Genderfluid,163.27.200.233
2,Zoe,Grolmann,zgrolmann1@etsy.com,Agender,132.83.173.127
3,Fredia,Tett,ftett2@sbwire.com,Genderqueer,118.204.135.166
4,Orson,Cowterd,ocowterd3@opera.com,Female,76.61.33.222
5,Rossy,Purle,rpurle4@scribd.com,Non-binary,236.100.29.92
6,Barbe,Cardoo,bcardoo5@sohu.com,Male,255.70.82.106
7,Jay,McSkeagan,jmcskeagan6@google.ca,Male,117.174.199.81
8,Roderigo,Summersett,rsummersett7@discovery.com,Genderqueer,217.91.221.52
9,Ellerey,Philps,ephilps8@cisco.com,Male,249.153.51.124
10,Viola,Micheli,vmicheli9@umich.edu,Bigender,216.123.208.113
11,Gianni,Abrahams,gabrahamsa@census.gov,Female,93.176.184.78
12,Kalinda,Treanor,ktreanorb@istockphoto.com,Agender,18.123.217.62
13,Estele,Howerd,ehowerdc@seattletimes.com,Polygender,17.221.35.178
14,Kai,Reichartz,kreichartzd@posterous.com,Female,255.207.209.226
15,Katee,Sockell,ksockelle@shutterfly.com,Bigender,133.3.192.31
16,Kirsti,Ansley,kansleyf@ow.ly,Polygender,74.224.29.116
17,Karleen,Haggart,khaggartg@patch.com,Female,166.80.225.209
18,Weylin,Brasier,wbrasierh@nba.com,Genderqueer,79.90.40.17
19,Vicki,Downgate,vdowngatei@4shared.com,Polygender,115.194.17.245
20,Gilemette,Hargie,ghargiej@wired.com,Agender,15.30.206.234
21,Aksel,Vigars,avigarsk@hugedomains.com,Non-binary,74.87.159.180
22,Francyne,Domanski,fdomanskil@cyberchimps.com,Non-binary,22.236.216.250
23,Jeremias,Younie,jyouniem@wired.com,Non-binary,65.81.4.58
24,Mercy,Pauls,mpaulsn@google.com,Non-binary,165.8.223.13
25,Mia,Meiklam,mmeiklamo@rambler.ru,Female,42.1.190.76
26,Hube,Treher,htreherp@sphinn.com,Genderqueer,1.1.51.33
27,Alina,Roscrigg,aroscriggq@independent.co.uk,Genderfluid,216.27.107.28
28,Madge,Sheldon,msheldonr@java.com,Female,167.118.133.45
29,Adena,Zecchetti,azecchettis@berkeley.edu,Genderfluid,127.114.109.54
30,Janey,Houseman,jhousemant@fastcompany.com,Genderqueer,123.163.230.91
31,Alphonse,McCabe,amccabeu@hexun.com,Agender,89.134.52.166
32,Taryn,Brithman,tbrithmanv@ucsd.edu,Male,59.49.222.36
33,Thane,Boatright,tboatrightw@cyberchimps.com,Female,79.217.70.128
34,Josiah,Bretton,jbrettonx@163.com,Female,13.85.69.144
35,Anett,Paolillo,apaolilloy@sciencedaily.com,Genderqueer,240.237.170.184
36,Guss,Manders,gmandersz@pagesperso-orange.fr,Female,32.148.106.17
37,Regen,Cottam,rcottam10@ask.com,Non-binary,179.74.22.223
38,Klarrisa,Merill,kmerill11@phpbb.com,Genderfluid,160.16.1.48
39,Riva,Hagland,rhagland12@instagram.com,Agender,197.211.88.85
40,Granger,Girodier,ggirodier13@lulu.com,Female,194.25.139.249
41,Consuelo,Folini,cfolini14@odnoklassniki.ru,Polygender,232.149.196.196
42,Brigit,Revie,brevie15@cafepress.com,Male,224.189.52.91
43,Jeanine,McKyrrelly,jmckyrrelly16@time.com,Polygender,208.50.134.24
44,Belicia,Roddan,broddan17@gizmodo.com,Female,185.252.71.189
45,Eadmund,Riddett,eriddett18@gnu.org,Genderfluid,164.204.73.95
46,Hildy,Tongs,htongs19@wikimedia.org,Female,216.34.157.16
47,Marlon,Filkin,mfilkin1a@desdev.cn,Non-binary,209.222.195.100
48,Drusi,Chatenier,dchatenier1b@mapquest.com,Female,29.58.84.37
49,Tiphanie,Scalera,tscalera1c@yahoo.co.jp,Agender,34.211.207.160
50,Barth,Gethins,bgethins1d@elegantthemes.com,Genderqueer,237.188.12.145
51,Richardo,Arno,rarno1e@ftc.gov,Polygender,228.94.113.42
52,Base,Voss,bvoss1f@adobe.com,Agender,68.233.129.102
53,Marmaduke,Hopfner,mhopfner1g@businesswire.com,Non-binary,199.175.159.84
54,Emogene,Lehrian,elehrian1h@dedecms.com,Male,236.82.25.45
55,Camile,Dilks,cdilks1i@newyorker.com,Non-binary,177.20.120.181
56,Ivor,Warrington,iwarrington1j@nsw.gov.au,Non-binary,192.138.131.165
57,Christian,Grebbin,cgrebbin1k@intel.com,Bigender,47.58.31.137
58,Correy,Southernwood,csouthernwood1l@odnoklassniki.ru,Agender,52.33.248.206
59,Tamra,Vlach,tvlach1m@free.fr,Non-binary,46.70.178.193
60,Swen,Forte,sforte1n@ox.ac.uk,Polygender,226.38.35.35
61,Car,Laurenz,claurenz1o@soundcloud.com,Genderfluid,186.109.110.157
62,Launce,Venner,lvenner1p@youtu.be,Genderqueer,141.75.73.171
63,Jeffry,Hursthouse,jhursthouse1q@shop-pro.jp,Agender,100.248.53.1
64,Germain,Laye,glaye1r@webmd.com,Agender,65.218.88.162
65,Frederich,McCrory,fmccrory1s@adobe.com,Male,159.123.111.50
66,Reinhold,Hazlegrove,rhazlegrove1t@myspace.com,Genderfluid,252.224.140.123
67,Garner,Orbell,gorbell1u@usnews.com,Female,40.44.54.210
68,Evaleen,Corpe,ecorpe1v@symantec.com,Non-binary,199.231.189.171
69,Cassey,Youings,cyouings1w@yelp.com,Agender,51.36.116.232
70,Sharai,Balassa,sbalassa1x@examiner.com,Genderqueer,162.66.201.146
71,Nickolaus,Ridges,nridges1y@addthis.com,Genderqueer,150.138.193.111
72,Gar,McReynolds,gmcreynolds1z@bandcamp.com,Polygender,34.113.226.232
73,Marcela,Stapels,mstapels20@yandex.ru,Genderqueer,132.227.129.101
74,Margarita,Dorward,mdorward21@adobe.com,Female,197.59.237.8
75,Rice,Jouhning,rjouhning22@linkedin.com,Genderfluid,221.203.2.64
76,Inger,Thirlwell,ithirlwell23@weather.com,Agender,231.238.37.198
77,Will,Speirs,wspeirs24@reference.com,Non-binary,184.81.191.223
78,Alexio,Barrell,abarrell25@techcrunch.com,Agender,10.211.199.237
79,Stefania,Coombe,scoombe26@miibeian.gov.cn,Polygender,214.190.55.131
80,Aindrea,Bottle,abottle27@slideshare.net,Polygender,104.144.214.27
81,Garry,Jupp,gjupp28@ox.ac.uk,Agender,47.131.26.204
82,Ebba,Mustin,emustin29@odnoklassniki.ru,Male,57.215.141.177
83,Mada,Primmer,mprimmer2a@rediff.com,Polygender,150.109.245.38
84,Theadora,Croney,tcroney2b@bluehost.com,Female,86.122.199.42
85,Odo,O'Cleary,oocleary2c@paypal.com,Agender,136.39.179.218
86,Keven,Shackle,kshackle2d@flickr.com,Non-binary,8.179.135.94
87,Inness,Aggus,iaggus2e@csmonitor.com,Genderqueer,102.196.123.179
88,Shandy,Lasselle,slasselle2f@elegantthemes.com,Polygender,201.98.80.131
89,Shana,Lisciandri,slisciandri2g@prnewswire.com,Bigender,249.248.172.148
90,Josefina,Harral,jharral2h@goodreads.com,Agender,169.60.250.192
91,Hammad,Brandsma,hbrandsma2i@godaddy.com,Genderqueer,246.53.54.187
92,Alicia,Tabord,atabord2j@amazon.co.jp,Female,143.210.118.162
93,Woodman,Bullman,wbullman2k@msu.edu,Agender,73.77.159.61
94,Nickolai,Frodsham,nfrodsham2l@usatoday.com,Polygender,176.159.150.69
95,Clair,Adam,cadam2m@1688.com,Genderqueer,171.152.145.122
96,Trey,Spalls,tspalls2n@xinhuanet.com,Agender,182.148.42.240
97,Michale,Detoc,mdetoc2o@jugem.jp,Non-binary,52.93.24.247
98,Fancy,Craker,fcraker2p@pcworld.com,Female,4.68.175.91
99,Guenna,Houselee,ghouselee2q@github.io,Female,131.128.246.152
100,Johnath,McGlynn,jmcglynn2r@ocn.ne.jp,Genderqueer,69.101.23.135
101,Pip,Foran,pforan2s@abc.net.au,Female,58.253.23.174
102,Merrily,McGeneay,mmcgeneay2t@webeden.co.uk,Genderfluid,106.25.150.131
103,Laurent,Costigan,lcostigan2u@fema.gov,Non-binary,199.254.53.38
104,Stephan,McEwan,smcewan2v@ocn.ne.jp,Female,252.91.18.117
105,Cheryl,Voisey,cvoisey2w@aol.com,Female,97.107.147.245
106,Maryanna,Dinkin,mdinkin2x@nytimes.com,Female,34.22.206.27
107,Katerine,Smallshaw,ksmallshaw2y@disqus.com,Male,168.220.174.201
108,Babita,Chilton,bchilton2z@independent.co.uk,Genderqueer,102.49.190.39
109,Kikelia,Polin,kpolin30@vinaora.com,Bigender,141.9.134.150
110,Evered,Pacitti,epacitti31@last.fm,Male,172.218.109.231
111,Maurits,Shiril,mshiril32@statcounter.com,Non-binary,207.138.210.56
112,Audry,Laurenson,alaurenson33@fema.gov,Polygender,221.129.28.101
113,Sallie,Maskelyne,smaskelyne34@webmd.com,Male,184.33.22.28
114,Ardra,Fumagall,afumagall35@ebay.co.uk,Agender,175.37.109.146
115,Carlynn,Cracknell,ccracknell36@theatlantic.com,Polygender,233.67.3.12
116,Blinnie,Ginnally,bginnally37@ed.gov,Non-binary,235.29.214.155
117,Berrie,Jurczyk,bjurczyk38@slideshare.net,Bigender,27.231.252.59
118,Goddard,Gussin,ggussin39@cargocollective.com,Polygender,32.81.16.79
119,Thane,Colebourne,tcolebourne3a@cargocollective.com,Agender,99.230.72.21
120,Gabbie,Calderwood,gcalderwood3b@infoseek.co.jp,Polygender,234.213.225.220
121,Manya,Ringer,mringer3c@skype.com,Polygender,185.218.0.219
122,Stafani,Millin,smillin3d@csmonitor.com,Non-binary,219.255.46.88
123,Emanuel,De Roos,ederoos3e@spotify.com,Genderqueer,128.140.108.116
124,Georgiana,Merida,gmerida3f@nature.com,Genderqueer,32.180.111.38
125,Maura,Coning,mconing3g@ycombinator.com,Bigender,186.198.12.122
126,Eydie,Eckart,eeckart3h@indiatimes.com,Female,26.75.94.213
127,Cyrill,Works,cworks3i@abc.net.au,Polygender,168.15.190.105
128,Regan,Perigoe,rperigoe3j@dailymail.co.uk,Non-binary,75.183.172.240
129,Tove,Vasse,tvasse3k@t.co,Male,69.241.71.178
130,Ingeborg,Bartens,ibartens3l@odnoklassniki.ru,Genderfluid,210.155.152.240
131,Aldrich,Vicary,avicary3m@privacy.gov.au,Polygender,85.21.246.29
132,Bren,Janson,bjanson3n@wired.com,Male,15.167.193.216
133,Mathias,McVanamy,mmcvanamy3o@guardian.co.uk,Male,223.19.237.217
134,Judye,Nosworthy,jnosworthy3p@google.es,Genderqueer,36.166.110.45
135,Bobinette,Skellon,bskellon3q@ibm.com,Polygender,60.69.238.117
136,Nalani,Godthaab,ngodthaab3r@washingtonpost.com,Polygender,134.10.89.10
137,Griswold,Juarez,gjuarez3s@gov.uk,Genderfluid,104.34.8.8
138,Orbadiah,Cogdell,ocogdell3t@vk.com,Male,155.249.108.223
139,Willie,O'Dee,wodee3u@edublogs.org,Female,215.163.62.140
140,Alessandro,Fulmen,afulmen3v@sogou.com,Genderqueer,138.155.44.250
141,Annaliese,Sherburn,asherburn3w@canalblog.com,Male,212.238.201.184
142,Gipsy,Gittose,ggittose3x@apple.com,Genderqueer,136.205.190.8
143,Paxton,Jackson,pjackson3y@vinaora.com,Polygender,88.95.20.233
144,Rafaela,Garvin,rgarvin3z@mtv.com,Agender,183.13.178.128
145,Hube,Lenton,hlenton40@tinypic.com,Polygender,100.219.73.183
146,Hyacinth,Dunderdale,hdunderdale41@elpais.com,Non-binary,87.92.156.247
147,Diena,Klassmann,dklassmann42@hugedomains.com,Agender,52.170.25.61
148,Myrtice,Larmet,mlarmet43@amazon.co.jp,Genderqueer,95.155.41.37
149,Godfrey,Stirtle,gstirtle44@skyrock.com,Non-binary,77.33.206.28
150,Thomas,Medlin,tmedlin45@nasa.gov,Agender,176.183.216.11
151,Marthena,Strettell,mstrettell46@google.pl,Bigender,169.225.79.76
152,Aurthur,Balchin,abalchin47@addthis.com,Male,247.226.221.246
153,Ivie,Whittaker,iwhittaker48@studiopress.com,Bigender,61.35.237.234
154,Rosina,Breckenridge,rbreckenridge49@twitpic.com,Genderqueer,185.217.148.103
155,Alexio,Kochel,akochel4a@cisco.com,Non-binary,191.150.199.223
156,Bendick,Twiggs,btwiggs4b@ca.gov,Genderqueer,227.124.125.68
157,Jolee,Board,jboard4c@nymag.com,Genderfluid,224.252.39.217
158,Dyana,McCosh,dmccosh4d@vkontakte.ru,Genderfluid,168.73.40.147
159,Augie,Ghilardi,aghilardi4e@amazon.co.jp,Non-binary,31.211.209.158
160,Kristin,Jiruca,kjiruca4f@vkontakte.ru,Male,186.137.246.193
161,Lissi,Fayerman,lfayerman4g@cargocollective.com,Female,210.242.100.44
162,Mendie,Klemz,mklemz4h@bloglines.com,Male,56.80.176.198
163,Brier,Hilling,bhilling4i@sogou.com,Genderqueer,219.35.174.57
164,Cobb,Szantho,cszantho4j@sbwire.com,Male,15.90.252.171
165,Tana,Lordon,tlordon4k@google.pl,Non-binary,197.104.187.100
166,Wain,Dewen,wdewen4l@ning.com,Non-binary,189.216.100.173
167,Gib,Stallwood,gstallwood4m@godaddy.com,Female,220.243.131.99
168,Agustin,Knibbs,aknibbs4n@ed.gov,Female,199.161.18.53
169,Drusie,Pollins,dpollins4o@usnews.com,Female,189.192.44.212
170,Robinetta,Odhams,rodhams4p@businesswire.com,Male,138.246.202.37
171,Talia,Kick,tkick4q@sciencedirect.com,Genderfluid,117.253.154.232
172,Peterus,McGooch,pmcgooch4r@unesco.org,Bigender,13.91.152.6
173,Torey,Prestie,tprestie4s@umn.edu,Male,158.52.62.182
174,Ardith,Haggar,ahaggar4t@opera.com,Genderfluid,250.187.85.4
175,Barn,Wadley,bwadley4u@barnesandnoble.com,Polygender,215.67.120.45
176,Yoshiko,Sherwin,ysherwin4v@wsj.com,Genderfluid,103.87.219.205
177,Teirtza,Ebbotts,tebbotts4w@cisco.com,Genderqueer,97.111.71.211
178,Amanda,Rudwell,arudwell4x@alibaba.com,Bigender,95.82.123.128
179,Tybie,Zukerman,tzukerman4y@tuttocitta.it,Agender,219.112.150.12
180,Kim,Notman,knotman4z@pbs.org,Polygender,153.181.43.104
181,Jeddy,Darco,jdarco50@jugem.jp,Non-binary,61.138.220.79
182,Ciel,Aldington,caldington51@ameblo.jp,Agender,208.87.116.248
183,Kai,Kear,kkear52@dropbox.com,Polygender,138.159.246.231
184,Jeniece,Penny,jpenny53@pbs.org,Male,182.200.59.101
185,Dirk,Peascod,dpeascod54@paginegialle.it,Genderfluid,247.193.31.2
186,Yvon,Grafhom,ygrafhom55@digg.com,Polygender,207.166.54.132
187,Daphene,Row,drow56@ning.com,Non-binary,8.68.122.18
188,Morley,O'Roan,moroan57@wikia.com,Female,165.118.101.122
189,Helene,Antoniak,hantoniak58@craigslist.org,Polygender,115.213.83.107
190,Jedd,Rosengren,jrosengren59@cbc.ca,Non-binary,12.43.20.39
191,Pammy,Lars,plars5a@sun.com,Bigender,135.146.171.235
192,Anna-maria,Couch,acouch5b@posterous.com,Polygender,194.105.138.126
193,Bertrand,Dugget,bdugget5c@fastcompany.com,Genderqueer,121.37.71.149
194,Kelila,Camlin,kcamlin5d@sciencedirect.com,Polygender,6.38.53.253
195,Constance,Setterthwait,csetterthwait5e@statcounter.com,Agender,81.163.34.139
196,Jeanelle,Searchfield,jsearchfield5f@g.co,Male,178.163.117.189
197,Brietta,Houldin,bhouldin5g@i2i.jp,Genderqueer,21.231.237.27
198,Giles,Cansdale,gcansdale5h@vk.com,Genderqueer,18.65.65.9
199,Frederick,Guerreau,fguerreau5i@de.vu,Agender,232.237.208.32
200,Flor,Duffan,fduffan5j@prlog.org,Non-binary,114.144.1.213
201,Cindie,Joburn,cjoburn5k@plala.or.jp,Male,93.158.189.107
202,Simonne,Gorick,sgorick5l@acquirethisname.com,Polygender,83.126.2.8
203,Elana,Ganford,eganford5m@issuu.com,Genderqueer,171.205.136.73
204,Kerrin,Rosiello,krosiello5n@berkeley.edu,Male,39.253.214.83
205,Cathleen,Redwall,credwall5o@buzzfeed.com,Female,51.85.139.218
206,Doralynn,Plomer,dplomer5p@icq.com,Genderfluid,32.47.109.122
207,Fabien,Bockmann,fbockmann5q@nhs.uk,Male,130.28.71.36
208,Shantee,Humpage,shumpage5r@patch.com,Bigender,224.123.137.155
209,Dionysus,Bavin,dbavin5s@dedecms.com,Genderfluid,188.216.180.216
210,Cissy,Mees,cmees5t@wikipedia.org,Female,195.1.129.137
211,Arley,Edmed,aedmed5u@spotify.com,Genderqueer,206.206.116.202
212,Alasteir,Muzzlewhite,amuzzlewhite5v@php.net,Bigender,104.215.142.252
213,Binky,Cosgry,bcosgry5w@mail.ru,Genderqueer,186.51.118.158
214,Isidora,McKain,imckain5x@photobucket.com,Female,215.25.21.191
215,Bertie,Strowther,bstrowther5y@opensource.org,Female,210.188.216.74
216,Chandra,Polkinghorne,cpolkinghorne5z@auda.org.au,Male,157.78.155.152
217,Kali,Suermeier,ksuermeier60@cbslocal.com,Male,190.186.105.151
218,Jeanna,Marchington,jmarchington61@parallels.com,Female,120.253.158.74
219,Ester,Knevit,eknevit62@nifty.com,Male,101.209.22.44
220,Ramon,Landrieu,rlandrieu63@nydailynews.com,Male,199.11.88.154
221,Douglass,Stanyard,dstanyard64@livejournal.com,Genderqueer,71.161.223.166
222,Brett,Fallens,bfallens65@wordpress.com,Male,30.112.19.233
223,Sandor,Klimecki,sklimecki66@epa.gov,Bigender,170.110.20.78
224,Micaela,Edlyne,medlyne67@webnode.com,Genderfluid,226.240.183.127
225,Amanda,de Guerre,adeguerre68@tinyurl.com,Agender,135.84.29.130
226,Jerry,Hinckley,jhinckley69@taobao.com,Male,15.119.134.52
227,Mariele,Dreus,mdreus6a@t-online.de,Genderqueer,156.196.192.230
228,Alfie,Tearney,atearney6b@merriam-webster.com,Agender,71.115.245.121
229,Donni,Goodere,dgoodere6c@addtoany.com,Agender,126.92.254.67
230,Keelia,Rendell,krendell6d@shutterfly.com,Bigender,212.37.173.194
231,Jerrie,Tomasoni,jtomasoni6e@amazon.co.uk,Female,248.174.100.123
232,Myriam,Gerg,mgerg6f@diigo.com,Genderfluid,120.114.146.173
233,Else,Wedmore,ewedmore6g@bbb.org,Genderqueer,190.230.6.63
234,Phillie,Battison,pbattison6h@eventbrite.com,Female,254.48.109.218
235,Rosetta,Storah,rstorah6i@scribd.com,Genderqueer,148.35.79.175
236,Rodney,Budgey,rbudgey6j@blogtalkradio.com,Bigender,50.107.99.116
237,Sheena,Carty,scarty6k@thetimes.co.uk,Male,253.56.210.199
238,Cornie,Habin,chabin6l@hp.com,Male,183.75.132.159
239,Warde,Charkham,wcharkham6m@barnesandnoble.com,Non-binary,152.16.184.252
240,Noellyn,Coddrington,ncoddrington6n@rambler.ru,Genderqueer,198.52.146.135
241,Wayne,Feyer,wfeyer6o@discuz.net,Non-binary,211.243.234.98
242,Adelice,Ughelli,aughelli6p@opera.com,Agender,49.240.155.125
243,Holden,Cottis,hcottis6q@chronoengine.com,Female,134.84.188.44
244,Tanner,Levee,tlevee6r@zimbio.com,Genderqueer,244.76.115.86
245,Noreen,McCrystal,nmccrystal6s@shareasale.com,Agender,132.244.145.103
246,Baron,Stearn,bstearn6t@senate.gov,Agender,45.78.212.136
247,Kellina,Coundley,kcoundley6u@51.la,Agender,113.57.30.22
248,Merline,Hardwick,mhardwick6v@dropbox.com,Polygender,239.99.9.1
249,Edmon,Gallemore,egallemore6w@comcast.net,Genderqueer,227.21.190.75
250,Hubey,Trayling,htrayling6x@redcross.org,Male,118.77.31.60
251,Rose,Toderini,rtoderini6y@zdnet.com,Genderqueer,242.75.131.230
252,Viva,Bidnall,vbidnall6z@java.com,Genderfluid,102.78.174.38
253,Lotti,Zimmermeister,lzimmermeister70@boston.com,Female,83.144.68.216
254,Lynsey,Gouldstraw,lgouldstraw71@yellowbook.com,Polygender,207.63.58.119
255,Mathilda,Leacock,mleacock72@jugem.jp,Female,113.74.57.16
256,Dolli,Bohman,dbohman73@usa.gov,Genderfluid,144.252.22.79
257,Nelle,Lademann,nlademann74@rambler.ru,Polygender,199.46.64.54
258,Trevor,Rubega,trubega75@prweb.com,Agender,242.3.32.210
259,Rosabella,Champ,rchamp76@microsoft.com,Bigender,221.14.222.188
260,Farah,Muscroft,fmuscroft77@yahoo.co.jp,Genderqueer,78.107.200.16
261,Dareen,Boothe,dboothe78@aol.com,Agender,187.218.52.93
262,Leontyne,Lisciardelli,llisciardelli79@howstuffworks.com,Genderfluid,22.30.172.123
263,Lyndell,Bossom,lbossom7a@yelp.com,Bigender,21.170.40.161
264,Arabela,Cuseick,acuseick7b@delicious.com,Female,236.160.77.71
265,Arin,Stapleton,astapleton7c@auda.org.au,Male,75.144.233.142
266,Netty,Naish,nnaish7d@about.com,Agender,193.101.76.234
267,Sophi,Greep,sgreep7e@free.fr,Female,115.66.227.165
268,Zilvia,Bownas,zbownas7f@desdev.cn,Non-binary,48.104.240.133
269,Dulcy,Walter,dwalter7g@yolasite.com,Polygender,164.134.216.30
270,Reynolds,Maciejewski,rmaciejewski7h@smh.com.au,Polygender,183.105.98.154
271,Ellswerth,Clemenzi,eclemenzi7i@thetimes.co.uk,Female,147.215.0.121
272,Shalna,Salisbury,ssalisbury7j@yale.edu,Genderqueer,210.9.222.105
273,Alanah,Hevner,ahevner7k@utexas.edu,Bigender,222.200.34.202
274,Courtnay,Gumey,cgumey7l@aboutads.info,Polygender,98.55.132.194
275,Gerhard,Elesander,gelesander7m@harvard.edu,Polygender,218.135.237.5
276,Ham,Roseborough,hroseborough7n@sogou.com,Male,163.182.91.15
277,Lynne,Dadson,ldadson7o@tinyurl.com,Polygender,228.181.136.146
278,Sollie,Graeser,sgraeser7p@de.vu,Genderqueer,7.69.87.144
279,Burtie,Fenge,bfenge7q@seattletimes.com,Polygender,178.197.19.206
280,Jeremy,Parncutt,jparncutt7r@cornell.edu,Male,57.53.42.246
281,Jedidiah,Hauger,jhauger7s@seesaa.net,Polygender,214.16.119.27
282,Gwynne,Eberle,geberle7t@nationalgeographic.com,Female,113.139.4.32
283,Lorie,Richarz,lricharz7u@zdnet.com,Polygender,30.172.244.168
284,Granthem,Brayford,gbrayford7v@imageshack.us,Male,247.108.52.162
285,Raychel,Deeley,rdeeley7w@miibeian.gov.cn,Polygender,74.108.85.167
286,Lucinda,Try,ltry7x@shareasale.com,Polygender,57.9.41.248
287,Ainsley,Sowrah,asowrah7y@hhs.gov,Non-binary,241.43.156.250
288,Ozzie,Ivanchikov,oivanchikov7z@indiatimes.com,Polygender,89.228.73.55
289,Odelle,Maxstead,omaxstead80@spiegel.de,Genderqueer,108.63.166.190
290,Terrye,Matts,tmatts81@mysql.com,Bigender,108.35.220.113
291,Link,Rackstraw,lrackstraw82@mayoclinic.com,Female,45.134.125.255
292,Dolph,Simek,dsimek83@ed.gov,Bigender,222.7.201.234
293,Roderick,Flancinbaum,rflancinbaum84@yelp.com,Polygender,13.97.205.161
294,Davy,Shugg,dshugg85@sourceforge.net,Genderqueer,27.158.70.33
295,Ramonda,Shayler,rshayler86@dion.ne.jp,Female,35.190.205.83
296,Ruthann,Backe,rbacke87@umich.edu,Male,38.205.152.208
297,Wally,Knowlson,wknowlson88@reuters.com,Genderfluid,179.13.58.69
298,Georgia,Veneur,gveneur89@skype.com,Genderfluid,217.67.241.163
299,Vladamir,Jecks,vjecks8a@twitter.com,Polygender,210.233.135.20
300,Fair,Behn,fbehn8b@t.co,Polygender,247.206.222.89
301,Kare,Giacubbo,kgiacubbo8c@nationalgeographic.com,Genderqueer,95.228.47.124
302,Zack,Whittlesea,zwhittlesea8d@shareasale.com,Polygender,24.142.55.181
303,Gabbey,Gother,ggother8e@dion.ne.jp,Male,24.222.217.130
304,Valentine,Mattholie,vmattholie8f@tripod.com,Female,21.17.59.76
305,Brooks,Verney,bverney8g@bluehost.com,Genderfluid,195.86.201.82
306,Jarid,Osan,josan8h@home.pl,Female,66.89.137.9
307,Willis,Douce,wdouce8i@indiatimes.com,Bigender,142.195.150.66
308,Diarmid,Gynne,dgynne8j@nature.com,Genderfluid,163.173.245.204
309,Tanney,Culpen,tculpen8k@myspace.com,Genderfluid,249.142.156.211
310,Georgianna,Sonner,gsonner8l@sciencedaily.com,Genderqueer,179.124.67.220
311,Hermina,Dreakin,hdreakin8m@weebly.com,Non-binary,117.144.194.38
312,Zebadiah,Sayle,zsayle8n@macromedia.com,Genderqueer,184.164.120.112
313,Marthe,Cressy,mcressy8o@narod.ru,Non-binary,92.73.233.10
314,Pepe,Townby,ptownby8p@yandex.ru,Bigender,97.56.248.208
315,Reggie,Rankin,rrankin8q@arizona.edu,Bigender,235.65.185.11
316,Ruby,Conroy,rconroy8r@webs.com,Agender,108.98.42.29
317,Garry,Woodhouse,gwoodhouse8s@booking.com,Polygender,1.104.121.107
318,Lindsey,Lannen,llannen8t@desdev.cn,Non-binary,156.186.160.179
319,Kincaid,MacCartair,kmaccartair8u@networksolutions.com,Female,225.251.2.242
320,Babette,Gerok,bgerok8v@360.cn,Female,207.111.237.255
321,Malinde,Arnefield,marnefield8w@slate.com,Female,15.5.116.63
322,Scott,Fencott,sfencott8x@1688.com,Female,8.240.134.162
323,Brennan,Lucius,blucius8y@typepad.com,Genderfluid,171.66.210.102
324,Martina,Butfield,mbutfield8z@blogger.com,Genderfluid,100.118.88.227
325,Kariotta,Biaggelli,kbiaggelli90@admin.ch,Bigender,47.119.13.242
326,Finley,Huddlestone,fhuddlestone91@tamu.edu,Polygender,54.11.33.2
327,Neron,Garfoot,ngarfoot92@slate.com,Genderfluid,202.106.36.125
328,Dietrich,Fairhurst,dfairhurst93@fda.gov,Genderqueer,2.242.18.121
329,Eliot,Wareham,ewareham94@wsj.com,Agender,134.159.200.226
330,Nicki,Falco,nfalco95@naver.com,Genderfluid,179.144.88.90
331,Phyllis,Klimkin,pklimkin96@oracle.com,Male,83.4.192.183
332,Lynnelle,Welds,lwelds97@storify.com,Female,153.83.206.173
333,Timofei,Pien,tpien98@cisco.com,Agender,218.45.21.167
334,Fernando,Lafoy,flafoy99@redcross.org,Genderfluid,77.96.53.4
335,Sayre,Quadling,squadling9a@sogou.com,Non-binary,79.67.92.196
336,Mortie,Gaymer,mgaymer9b@dropbox.com,Genderqueer,46.255.66.31
337,Tootsie,Illyes,tillyes9c@altervista.org,Female,16.172.168.50
338,Sheela,Mixture,smixture9d@wordpress.org,Agender,95.58.91.122
339,Eduardo,Pietasch,epietasch9e@howstuffworks.com,Bigender,208.38.50.247
340,Cathleen,Hinkensen,chinkensen9f@bravesites.com,Agender,69.54.118.43
341,Fletcher,Readmire,freadmire9g@chicagotribune.com,Non-binary,158.235.4.37
342,Lula,Wickstead,lwickstead9h@mashable.com,Non-binary,91.51.104.172
343,Nannie,Madine,nmadine9i@sina.com.cn,Polygender,44.15.232.81
344,Amata,Bromehead,abromehead9j@abc.net.au,Genderfluid,143.159.81.204
345,Dedie,Mogford,dmogford9k@adobe.com,Polygender,207.70.221.159
346,Diahann,Robke,drobke9l@hao123.com,Genderfluid,174.109.159.188
347,Bellina,Dinsey,bdinsey9m@cisco.com,Bigender,211.67.92.229
348,Lenka,Oleszcuk,loleszcuk9n@prweb.com,Polygender,154.31.85.136
349,Brock,Hallan,bhallan9o@fc2.com,Bigender,24.252.246.55
350,Lorianna,Lefeuvre,llefeuvre9p@theglobeandmail.com,Male,205.31.123.86
351,Orran,Battill,obattill9q@addtoany.com,Polygender,86.94.44.210
352,Onofredo,Gaskamp,ogaskamp9r@nytimes.com,Male,238.135.111.123
353,Britteny,Mowson,bmowson9s@intel.com,Bigender,245.17.230.150
354,Annalee,Glanvill,aglanvill9t@tinypic.com,Bigender,120.141.85.159
355,Faber,Tuvey,ftuvey9u@washington.edu,Male,212.189.51.9
356,Immanuel,Benardeau,ibenardeau9v@reverbnation.com,Non-binary,113.241.176.183
357,Teddy,Bettis,tbettis9w@homestead.com,Agender,111.41.34.33
358,Conchita,Currin,ccurrin9x@google.fr,Non-binary,156.248.65.45
359,Galvin,Strivens,gstrivens9y@chron.com,Female,118.74.131.225
360,Lurline,Gerrett,lgerrett9z@prlog.org,Genderfluid,136.93.245.122
361,Etienne,MacElharge,emacelhargea0@fastcompany.com,Genderqueer,169.160.21.17
362,Kailey,Braznell,kbraznella1@dyndns.org,Male,183.39.181.29
363,Staci,Jozefczak,sjozefczaka2@instagram.com,Male,103.178.242.35
364,Elka,de Bullion,edebulliona3@barnesandnoble.com,Bigender,234.163.70.207
365,Christel,Cowcha,ccowchaa4@seattletimes.com,Male,43.182.134.238
366,Verne,Elflain,velflaina5@histats.com,Female,166.84.237.156
367,Germain,Maypowder,gmaypowdera6@t.co,Polygender,161.94.45.246
368,Nanete,O'Toole,notoolea7@creativecommons.org,Agender,36.52.222.226
369,Drusie,Pearcehouse,dpearcehousea8@trellian.com,Male,209.117.195.112
370,Ario,Novill,anovilla9@abc.net.au,Agender,227.231.159.68
371,Angel,Duesbury,aduesburyaa@europa.eu,Genderfluid,44.83.3.95
372,Gasper,Hearnes,ghearnesab@noaa.gov,Male,75.21.58.14
373,Karena,Moryson,kmorysonac@sohu.com,Male,226.45.165.116
374,Broderic,Darke,bdarkead@dion.ne.jp,Non-binary,88.115.41.138
375,Bronny,Salzen,bsalzenae@unc.edu,Female,40.177.55.243
376,Brandie,Randalson,brandalsonaf@infoseek.co.jp,Genderfluid,63.83.223.79
377,Dotty,Strawbridge,dstrawbridgeag@over-blog.com,Genderqueer,78.192.159.209
378,Ravid,Fitkin,rfitkinah@bluehost.com,Male,88.36.236.219
379,Mira,Welch,mwelchai@vinaora.com,Male,135.61.200.132
380,Karrie,Ingamells,kingamellsaj@dion.ne.jp,Bigender,144.43.139.252
381,Galen,Seaborne,gseaborneak@sfgate.com,Bigender,222.197.44.164
382,Fiona,Georgeot,fgeorgeotal@stumbleupon.com,Female,139.105.199.202
383,Arel,Thewys,athewysam@nba.com,Female,156.48.28.68
384,Jemima,Enbury,jenburyan@admin.ch,Polygender,213.140.216.20
385,Dannel,Lismore,dlismoreao@canalblog.com,Bigender,208.144.231.113
386,Tonie,Addington,taddingtonap@yelp.com,Agender,33.15.76.204
387,Carlyn,Maseyk,cmaseykaq@uiuc.edu,Female,197.111.82.29
388,Malynda,Norledge,mnorledgear@blinklist.com,Polygender,252.78.238.104
389,Christopher,Cochran,ccochranas@eepurl.com,Female,242.21.119.159
390,Hilary,Spino,hspinoat@pcworld.com,Male,77.197.136.243
391,Torrence,Nairns,tnairnsau@arstechnica.com,Female,0.135.172.119
392,Justino,Witch,jwitchav@cyberchimps.com,Non-binary,192.12.55.228
393,Lynette,MacHostie,lmachostieaw@discovery.com,Female,214.224.241.8
394,Lorette,Preece,lpreeceax@epa.gov,Agender,202.120.202.25
395,Salli,Woodwing,swoodwingay@samsung.com,Non-binary,228.196.124.132
396,Fair,Sheardown,fsheardownaz@merriam-webster.com,Polygender,199.104.71.65
397,Annora,Fannon,afannonb0@biblegateway.com,Genderqueer,178.75.120.67
398,Herrick,Van Dalen,hvandalenb1@ucoz.ru,Male,173.201.48.200
399,Rodie,Coniff,rconiffb2@mayoclinic.com,Bigender,86.150.35.211
400,Aindrea,Putley,aputleyb3@parallels.com,Genderfluid,148.241.164.61
401,Nicholle,Eronie,neronieb4@themeforest.net,Genderqueer,226.105.20.211
402,Gael,Gowthrop,ggowthropb5@yandex.ru,Agender,204.96.86.12
403,Kermie,Andries,kandriesb6@admin.ch,Polygender,119.16.192.122
404,Wilton,Constable,wconstableb7@hubpages.com,Bigender,165.107.12.94
405,Leelah,Caulliere,lcaulliereb8@xrea.com,Male,77.191.193.166
406,Berna,Brinson,bbrinsonb9@cyberchimps.com,Genderfluid,8.63.222.14
407,Lonny,De Roos,lderoosba@sfgate.com,Female,163.39.207.110
408,Fabian,Wyard,fwyardbb@edublogs.org,Agender,36.171.31.250
409,Vernen,Howlings,vhowlingsbc@purevolume.com,Non-binary,205.70.102.70
410,Colly,MacGauhy,cmacgauhybd@fc2.com,Bigender,55.155.61.48
411,Hillard,Sazio,hsaziobe@rambler.ru,Polygender,61.144.201.220
412,Felike,Gillum,fgillumbf@twitpic.com,Non-binary,59.238.31.33
413,Clemente,Hanselman,chanselmanbg@netscape.com,Agender,18.104.35.202
414,Layne,Munning,lmunningbh@amazon.co.uk,Genderqueer,51.161.86.93
415,Elmore,Ramelot,eramelotbi@google.pl,Female,14.100.221.181
416,Abner,Tattershaw,atattershawbj@eepurl.com,Male,220.73.34.150
417,Bernardine,De Mars,bdemarsbk@friendfeed.com,Bigender,32.86.133.104
418,Bronny,Loisi,bloisibl@ed.gov,Genderfluid,20.197.10.8
419,Lane,Quarless,lquarlessbm@technorati.com,Bigender,9.96.6.25
420,Merv,Izaac,mizaacbn@sphinn.com,Polygender,143.215.215.149
421,Padraic,Calyton,pcalytonbo@arizona.edu,Polygender,76.167.142.184
422,Lutero,Thompson,lthompsonbp@sphinn.com,Female,209.236.169.42
423,Corbett,Drakeford,cdrakefordbq@sourceforge.net,Bigender,61.90.246.197
424,Felipa,McAlroy,fmcalroybr@washington.edu,Male,49.158.126.93
425,Pennie,Goldring,pgoldringbs@mysql.com,Bigender,22.191.22.60
426,Sheba,Alfonso,salfonsobt@scribd.com,Bigender,222.25.210.31
427,Antin,Wasselin,awasselinbu@ucla.edu,Female,91.35.93.57
428,Tommy,Cosely,tcoselybv@weather.com,Agender,96.56.188.123
429,Prue,Wilderspoon,pwilderspoonbw@pagesperso-orange.fr,Agender,196.59.224.179
430,Jorey,Cantero,jcanterobx@webnode.com,Female,99.235.244.217
431,Elsie,Ayliffe,eayliffeby@posterous.com,Genderfluid,249.85.194.41
432,Vikki,Van der Kruis,vvanderkruisbz@census.gov,Bigender,200.216.129.139
433,Gannie,Mussolini,gmussolinic0@aol.com,Genderqueer,155.45.100.67
434,Maddi,Edlestone,medlestonec1@mozilla.org,Non-binary,135.86.181.196
435,Danette,Di Ruggiero,ddiruggieroc2@nydailynews.com,Male,101.74.38.13
436,Beulah,Eitter,beitterc3@unesco.org,Polygender,220.199.6.218
437,Benoite,Dawks,bdawksc4@si.edu,Male,107.108.245.34
438,Thom,Coskerry,tcoskerryc5@devhub.com,Male,85.21.43.215
439,Maria,Branwhite,mbranwhitec6@gravatar.com,Non-binary,229.214.4.247
440,Zara,Canape,zcanapec7@geocities.jp,Genderqueer,246.21.174.241
441,Muhammad,Holworth,mholworthc8@altervista.org,Bigender,162.72.211.235
442,Andros,Doody,adoodyc9@europa.eu,Male,25.144.155.20
443,Susan,Gotfrey,sgotfreyca@homestead.com,Bigender,238.39.173.220
444,Elfrida,Benjefield,ebenjefieldcb@cisco.com,Bigender,78.164.177.79
445,Allyn,Tenney,atenneycc@lulu.com,Polygender,0.235.17.142
446,Townie,Anselm,tanselmcd@free.fr,Genderfluid,30.219.229.37
447,Luz,Gauvain,lgauvaince@nsw.gov.au,Bigender,20.224.45.255
448,Jasen,Metherell,jmetherellcf@skyrock.com,Polygender,178.204.166.118
449,Kippar,Lindop,klindopcg@elpais.com,Non-binary,51.167.94.25
450,Steven,Rizziello,srizzielloch@sina.com.cn,Genderqueer,188.35.58.142
451,Garnette,Sinclaire,gsinclaireci@wired.com,Polygender,151.35.139.216
452,Sydelle,Ruthven,sruthvencj@cbslocal.com,Non-binary,99.217.9.113
453,Erena,Algore,ealgoreck@google.com.hk,Female,236.213.179.147
454,Lizzie,Cardozo,lcardozocl@independent.co.uk,Male,221.206.235.193
455,Inna,Moryson,imorysoncm@live.com,Bigender,91.229.138.49
456,Caryl,Collison,ccollisoncn@plala.or.jp,Genderfluid,85.83.85.145
457,Mirelle,Rustedge,mrustedgeco@bloomberg.com,Female,18.53.158.201
458,Baillie,Yesinov,byesinovcp@ask.com,Male,187.181.145.209
459,Jordan,Ritchings,jritchingscq@bloglines.com,Genderqueer,240.51.77.188
460,Reinhold,Van Leeuwen,rvanleeuwencr@domainmarket.com,Agender,205.160.8.137
461,Maureen,Brunet,mbrunetcs@sitemeter.com,Genderqueer,1.214.139.115
462,Gabey,Dudbridge,gdudbridgect@biglobe.ne.jp,Genderfluid,228.128.151.245
463,Tani,Santore,tsantorecu@twitpic.com,Bigender,22.128.145.124
464,Creighton,Dooly,cdoolycv@google.ru,Bigender,69.74.75.62
465,Lorrie,Poile,lpoilecw@nyu.edu,Male,146.13.184.30
466,Arie,Bengefield,abengefieldcx@php.net,Genderqueer,230.76.210.116
467,Trent,Skullet,tskulletcy@bbc.co.uk,Genderqueer,16.60.124.51
468,Shea,Sellors,ssellorscz@boston.com,Polygender,133.34.54.106
469,Reamonn,Courtney,rcourtneyd0@addthis.com,Polygender,72.53.92.214
470,Nadya,McPhaden,nmcphadend1@fotki.com,Genderqueer,136.203.236.79
471,Hilly,Tench,htenchd2@pcworld.com,Female,231.170.12.125
472,Mame,Rothschild,mrothschildd3@behance.net,Female,220.64.148.6
473,Morley,Carnduff,mcarnduffd4@nsw.gov.au,Agender,202.117.25.168
474,Mahmud,Beere,mbeered5@alexa.com,Polygender,106.218.107.117
475,Dyan,Mallall,dmallalld6@t-online.de,Bigender,177.47.90.139
476,Genevra,Chaytor,gchaytord7@xing.com,Female,30.80.139.163
477,Jabez,Meir,jmeird8@usatoday.com,Polygender,153.24.92.110
478,Trudy,Tute,ttuted9@addtoany.com,Polygender,70.226.104.25
479,Aloise,Heining,aheiningda@addtoany.com,Male,68.162.245.243
480,Daren,Keefe,dkeefedb@infoseek.co.jp,Bigender,112.106.135.184
481,Nelle,Milton,nmiltondc@discuz.net,Non-binary,65.185.204.4
482,Irita,Beadon,ibeadondd@live.com,Genderqueer,172.249.152.255
483,Diannne,Keynes,dkeynesde@vkontakte.ru,Bigender,168.175.160.49
484,Adeline,Galloway,agallowaydf@jimdo.com,Agender,168.169.218.244
485,Verina,Betz,vbetzdg@facebook.com,Genderqueer,171.75.157.136
486,Kathryn,Ethington,kethingtondh@github.com,Female,36.168.0.201
487,Rosabel,Leggatt,rleggattdi@skyrock.com,Polygender,183.81.221.183
488,Fey,Rawlings,frawlingsdj@sourceforge.net,Polygender,217.186.188.152
489,Dominick,Wareing,dwareingdk@woothemes.com,Male,37.80.174.44
490,Niven,Yellowlee,nyellowleedl@vistaprint.com,Polygender,127.251.111.162
491,Alicia,Delong,adelongdm@wikimedia.org,Agender,99.66.36.179
492,Max,Boutflour,mboutflourdn@census.gov,Bigender,41.17.222.121
493,Nicol,McClosh,nmccloshdo@google.co.uk,Polygender,102.159.155.130
494,Dyana,Braniff,dbraniffdp@abc.net.au,Male,135.27.34.202
495,Tanny,Wychard,twycharddq@nps.gov,Female,64.51.249.106
496,Larine,Liger,lligerdr@imageshack.us,Non-binary,244.176.197.232
497,Obadiah,Khomin,okhominds@xrea.com,Female,152.198.37.108
498,Stanly,Sheers,ssheersdt@cargocollective.com,Genderfluid,222.99.250.54
499,Carmon,Charon,ccharondu@soundcloud.com,Genderfluid,248.22.15.208
500,Lynnea,Ingolotti,lingolottidv@cornell.edu,Agender,100.79.171.47
501,Gillian,Chainey,gchaineydw@cbslocal.com,Genderqueer,174.216.196.21
502,Vince,Hutchason,vhutchasondx@toplist.cz,Bigender,56.76.63.30
503,Gavra,Sanders,gsandersdy@linkedin.com,Polygender,50.119.198.207
504,Perrine,Leidl,pleidldz@aol.com,Bigender,97.23.88.52
505,Chaddy,Barthelemy,cbarthelemye0@ow.ly,Genderfluid,131.113.120.27
506,Yehudit,Cazereau,ycazereaue1@twitter.com,Genderqueer,48.236.3.208
507,Franny,Dumblton,fdumbltone2@guardian.co.uk,Genderqueer,251.144.237.0
508,Olav,Boater,oboatere3@vistaprint.com,Genderqueer,236.54.225.199
509,Darby,Capaldo,dcapaldoe4@ifeng.com,Agender,102.199.56.223
510,Darline,Mellor,dmellore5@webmd.com,Female,210.43.203.137
511,Corette,Walder,cwaldere6@e-recht24.de,Bigender,110.171.51.84
512,Cirilo,Blindermann,cblindermanne7@abc.net.au,Genderqueer,140.22.215.230
513,Torrie,Kelby,tkelbye8@disqus.com,Polygender,155.253.89.177
514,Claudina,McCosh,cmccoshe9@alibaba.com,Female,224.173.43.196
515,Audy,Pariso,aparisoea@globo.com,Genderqueer,6.202.145.164
516,Jania,Durston,jdurstoneb@is.gd,Male,246.111.249.59
517,Stefania,Dunk,sdunkec@umich.edu,Genderqueer,187.202.175.233
518,Lorita,Bricksey,lbrickseyed@bluehost.com,Genderqueer,4.50.155.182
519,Stacee,Cardenas,scardenasee@uol.com.br,Non-binary,183.220.100.154
520,Albie,Bindon,abindonef@wiley.com,Genderfluid,113.169.164.198
521,Patrice,Lorden,plordeneg@uiuc.edu,Female,43.177.151.247
522,Kingsly,Domotor,kdomotoreh@ucsd.edu,Male,123.101.199.170
523,Sidonnie,Wallett,swallettei@vinaora.com,Genderqueer,120.153.48.120
524,Lavinia,Salters,lsaltersej@g.co,Female,24.124.113.82
525,Dalton,Furmston,dfurmstonek@whitehouse.gov,Non-binary,182.201.238.16
526,Talbert,Conniam,tconniamel@skype.com,Female,25.192.241.209
527,Sydney,Spencley,sspencleyem@deliciousdays.com,Female,98.33.78.208
528,Iormina,Bestwick,ibestwicken@addtoany.com,Male,101.168.174.184
529,Anatollo,Calderon,acalderoneo@dagondesign.com,Genderfluid,184.132.198.163
530,Ailene,Ambrozewicz,aambrozewiczep@hexun.com,Genderqueer,255.151.93.106
531,Anderson,Drewson,adrewsoneq@abc.net.au,Non-binary,125.102.74.209
532,Steffane,Hellin,shelliner@canalblog.com,Polygender,189.7.9.185
533,Barbey,Heber,bheberes@tripod.com,Female,235.234.152.117
534,Dorey,Heigold,dheigoldet@nsw.gov.au,Genderfluid,147.127.44.233
535,Robinetta,Slyman,rslymaneu@acquirethisname.com,Non-binary,58.189.64.155
536,Brigg,Beeching,bbeechingev@jigsy.com,Genderfluid,176.218.240.224
537,Abba,Fullegar,afullegarew@quantcast.com,Polygender,111.101.137.105
538,Klara,Mc Trusty,kmctrustyex@bravesites.com,Genderqueer,249.118.121.22
539,Vail,Abrashkov,vabrashkovey@narod.ru,Bigender,96.84.61.4
540,Gladys,Battison,gbattisonez@multiply.com,Non-binary,4.50.126.59
541,Ginnifer,Garahan,ggarahanf0@pagesperso-orange.fr,Genderqueer,50.161.58.150
542,Nels,Barracks,nbarracksf1@discuz.net,Agender,255.174.56.43
543,Lotte,Marsy,lmarsyf2@moonfruit.com,Bigender,216.30.137.96
544,Ambrosio,Isenor,aisenorf3@livejournal.com,Female,100.252.33.9
545,Prentiss,Stares,pstaresf4@homestead.com,Polygender,17.182.134.88
546,Meg,McKelvie,mmckelvief5@wunderground.com,Female,131.30.62.143
547,Melly,Woollacott,mwoollacottf6@bloglovin.com,Genderfluid,129.200.145.210
548,Simmonds,Southan,ssouthanf7@un.org,Genderqueer,124.249.230.140
549,Vanny,Tuffey,vtuffeyf8@freewebs.com,Bigender,152.106.140.218
550,Sadella,Gandley,sgandleyf9@patch.com,Bigender,235.162.206.19
551,Neal,Jozwik,njozwikfa@dailymail.co.uk,Male,33.164.214.228
552,Willow,Shreve,wshrevefb@gravatar.com,Genderqueer,50.77.218.182
553,Kikelia,Willows,kwillowsfc@live.com,Bigender,55.155.113.222
554,Donalt,Darte,ddartefd@technorati.com,Female,114.157.103.79
555,Hillie,Cosbee,hcosbeefe@g.co,Male,5.214.100.121
556,Rochella,Gloyens,rgloyensff@feedburner.com,Polygender,221.213.203.126
557,Loralyn,Landis,llandisfg@admin.ch,Bigender,137.190.138.81
558,Sorcha,Schimmang,sschimmangfh@sphinn.com,Male,1.34.39.198
559,Lonny,Trask,ltraskfi@berkeley.edu,Polygender,220.46.54.173
560,Dulsea,Caulkett,dcaulkettfj@oracle.com,Male,21.243.7.66
561,Cynthea,Macauley,cmacauleyfk@newyorker.com,Agender,125.130.51.33
562,Ursa,Klejin,uklejinfl@alibaba.com,Male,14.175.149.234
563,Andre,Trask,atraskfm@blogs.com,Polygender,255.250.71.17
564,Terrijo,Domnick,tdomnickfn@e-recht24.de,Genderfluid,7.2.133.115
565,Laurel,Gerdes,lgerdesfo@baidu.com,Polygender,25.180.192.79
566,Mitzi,Maliffe,mmaliffefp@forbes.com,Agender,122.30.130.248
567,Minna,Mead,mmeadfq@slideshare.net,Bigender,173.93.208.37
568,Allyson,Castelin,acastelinfr@army.mil,Polygender,164.14.237.97
569,Keelia,Hoff,khofffs@unc.edu,Female,255.164.217.31
570,Imojean,Mowett,imowettft@dion.ne.jp,Genderfluid,5.241.136.168
571,Hetti,Worvell,hworvellfu@is.gd,Bigender,239.142.99.26
572,Jori,Walster,jwalsterfv@ucoz.com,Non-binary,101.45.144.174
573,Ericha,Simionescu,esimionescufw@tripod.com,Female,79.105.195.214
574,Thalia,Gallant,tgallantfx@discovery.com,Male,100.159.238.213
575,Remington,Wyldes,rwyldesfy@upenn.edu,Polygender,190.122.192.65
576,Nelle,Alderman,naldermanfz@usa.gov,Agender,228.29.131.149
577,Marie,Scotson,mscotsong0@nba.com,Bigender,37.78.58.111
578,Lainey,Edworthy,ledworthyg1@irs.gov,Genderfluid,7.63.179.255
579,Melicent,Warcup,mwarcupg2@sciencedirect.com,Bigender,227.219.134.24
580,Holt,Halesworth,hhalesworthg3@unesco.org,Non-binary,63.41.177.202
581,Garth,Dufall,gdufallg4@over-blog.com,Male,60.91.226.250
582,Dag,Myderscough,dmyderscoughg5@wikispaces.com,Bigender,196.157.13.126
583,Melanie,Pellissier,mpellissierg6@thetimes.co.uk,Polygender,89.84.173.49
584,Jethro,Seadon,jseadong7@woothemes.com,Genderqueer,244.6.0.197
585,Cory,Gask,cgaskg8@typepad.com,Female,115.239.11.140
586,Kally,Orrum,korrumg9@dagondesign.com,Genderfluid,126.56.48.64
587,Brooks,Waterfall,bwaterfallga@google.cn,Genderfluid,62.29.140.21
588,Blair,Leving,blevinggb@wp.com,Female,238.206.244.234
589,Denyse,Norval,dnorvalgc@google.de,Genderqueer,154.235.171.41
590,Theodora,Cruxton,tcruxtongd@linkedin.com,Bigender,187.155.235.176
591,Demeter,Nappin,dnappinge@baidu.com,Female,162.227.52.54
592,Raeann,O'Bruen,robruengf@prlog.org,Female,12.116.211.228
593,Sky,Chang,schanggg@smugmug.com,Female,48.246.125.128
594,Waldon,McMechan,wmcmechangh@chron.com,Agender,220.214.119.81
595,Neille,Sans,nsansgi@senate.gov,Polygender,77.212.19.35
596,Douglas,Kern,dkerngj@parallels.com,Male,111.252.7.175
597,Bail,Ockland,bocklandgk@sbwire.com,Female,120.229.208.89
598,Kat,Bignal,kbignalgl@sciencedaily.com,Genderfluid,48.202.121.118
599,Curr,Galtone,cgaltonegm@blogger.com,Bigender,215.182.184.39
600,Gerick,Olech,golechgn@washington.edu,Male,69.131.198.164
601,Helene,Berresford,hberresfordgo@t.co,Polygender,245.227.17.150
602,Sargent,Bayfield,sbayfieldgp@ow.ly,Non-binary,138.190.161.187
603,Edin,Duffet,eduffetgq@fema.gov,Genderqueer,111.69.34.176
604,Claudia,Dee,cdeegr@dell.com,Non-binary,190.8.38.132
605,Earvin,Egerton,eegertongs@samsung.com,Genderqueer,109.31.142.157
606,Finley,Beagles,fbeaglesgt@ustream.tv,Non-binary,235.155.47.222
607,Sheff,Lukehurst,slukehurstgu@indiegogo.com,Non-binary,42.190.125.121
608,Nedda,Huckel,nhuckelgv@washingtonpost.com,Polygender,192.195.90.180
609,Bonita,Lesser,blessergw@free.fr,Male,202.90.35.106
610,Alric,Lindroos,alindroosgx@marriott.com,Bigender,133.79.23.35
611,Gerrie,Hoofe,ghoofegy@dell.com,Non-binary,46.207.70.225
612,Lanni,Font,lfontgz@pbs.org,Genderqueer,124.160.3.192
613,Lane,Brunetti,lbrunettih0@fotki.com,Genderqueer,200.42.205.172
614,Mitchael,Fishby,mfishbyh1@independent.co.uk,Female,171.18.60.173
615,Aldric,Bysh,abyshh2@vistaprint.com,Agender,10.38.8.158
616,Amii,Tomaszczyk,atomaszczykh3@posterous.com,Female,247.19.129.243
617,Mariya,Szwandt,mszwandth4@nih.gov,Bigender,9.254.164.62
618,Jeralee,Grono,jgronoh5@t-online.de,Agender,131.119.201.93
619,Maible,Delgadillo,mdelgadilloh6@deviantart.com,Polygender,124.28.188.23
620,Duffie,Mealiffe,dmealiffeh7@nps.gov,Bigender,45.75.102.16
621,Jessamyn,Westover,jwestoverh8@cisco.com,Genderfluid,172.218.237.175
622,Nicolas,Oloman,nolomanh9@ustream.tv,Polygender,193.62.129.231
623,Nettie,Leroy,nleroyha@spotify.com,Genderqueer,219.190.25.7
624,Fifine,Bone,fbonehb@guardian.co.uk,Polygender,170.108.55.49
625,Zebulon,Mahaffey,zmahaffeyhc@mapy.cz,Agender,222.81.160.26
626,Janet,Bust,jbusthd@kickstarter.com,Non-binary,24.245.156.35
627,Tobin,Sauniere,tsaunierehe@slideshare.net,Male,219.213.104.213
628,Shelly,Creswell,screswellhf@foxnews.com,Genderqueer,104.14.223.101
629,Tomaso,Hayball,thayballhg@wikia.com,Agender,198.208.165.145
630,Noni,Minihan,nminihanhh@domainmarket.com,Bigender,125.93.145.204
631,Glyn,Campana,gcampanahi@imgur.com,Non-binary,193.15.170.207
632,Clarabelle,Finlayson,cfinlaysonhj@stumbleupon.com,Agender,117.39.237.170
633,Katine,Kilgallen,kkilgallenhk@wired.com,Agender,144.222.44.163
634,Johan,Wapplington,jwapplingtonhl@e-recht24.de,Polygender,42.178.227.74
635,Jeniffer,Gilbanks,jgilbankshm@weebly.com,Female,177.230.152.158
636,Clovis,Abercrombie,cabercrombiehn@constantcontact.com,Genderfluid,241.26.199.120
637,Bride,Libermore,blibermoreho@si.edu,Genderqueer,38.170.232.225
638,Nanci,Teaz,nteazhp@microsoft.com,Genderqueer,216.52.228.78
639,Carine,Pallas,cpallashq@xing.com,Male,21.241.229.68
640,Grange,Tourner,gtournerhr@51.la,Male,200.252.127.178
641,Gui,Luxton,gluxtonhs@java.com,Polygender,56.144.189.40
642,Donna,Maria,dmariaht@cnn.com,Bigender,113.246.101.145
643,Peterus,Chesshyre,pchesshyrehu@free.fr,Bigender,212.47.157.226
644,Lazare,Yeulet,lyeulethv@wp.com,Agender,119.124.31.201
645,Nata,Walkington,nwalkingtonhw@blogger.com,Polygender,194.201.103.41
646,Mathilde,Pre,mprehx@addtoany.com,Genderqueer,215.132.13.69
647,Shawna,Marshman,smarshmanhy@nationalgeographic.com,Female,89.201.78.228
648,Dorey,Love,dlovehz@last.fm,Genderqueer,115.106.107.0
649,Egan,Sarrell,esarrelli0@nature.com,Polygender,190.218.157.178
650,Corty,Jurewicz,cjurewiczi1@google.de,Genderqueer,10.199.101.250
651,Powell,Trenaman,ptrenamani2@mozilla.org,Agender,149.34.151.183
652,Sherlock,Olanda,solandai3@patch.com,Agender,233.233.17.223
653,Bethanne,Earsman,bearsmani4@nymag.com,Bigender,140.135.42.173
654,Veronique,Houdmont,vhoudmonti5@prlog.org,Genderqueer,213.182.111.185
655,Jedd,Kohrt,jkohrti6@google.nl,Polygender,125.171.56.222
656,Catherina,Augustus,caugustusi7@biblegateway.com,Genderqueer,149.146.138.105
657,Sharlene,Tregunnah,stregunnahi8@taobao.com,Bigender,202.34.168.188
658,Phillie,Cheine,pcheinei9@census.gov,Agender,58.118.165.251
659,Freedman,Valentim,fvalentimia@weibo.com,Genderfluid,182.22.247.252
660,Anny,Goldhawk,agoldhawkib@ovh.net,Polygender,145.144.61.56
661,Gerick,Evitt,gevittic@forbes.com,Agender,228.242.93.183
662,Peta,Benge,pbengeid@tripadvisor.com,Genderfluid,166.216.37.194
663,Gladys,Grindley,ggrindleyie@mac.com,Bigender,7.234.144.104
664,Mano,Pinor,mpinorif@china.com.cn,Genderfluid,250.62.156.30
665,Van,Spurier,vspurierig@wix.com,Genderfluid,37.19.152.122
666,Tiphany,Thuillier,tthuillierih@independent.co.uk,Polygender,86.11.135.40
667,Dane,Kilbride,dkilbrideii@istockphoto.com,Agender,228.205.113.205
668,Waverley,Ucchino,wucchinoij@vinaora.com,Male,123.243.83.213
669,Calli,Douthwaite,cdouthwaiteik@disqus.com,Polygender,90.163.222.99
670,Tabor,Hurton,thurtonil@xing.com,Polygender,236.63.134.45
671,Mora,MacCallion,mmaccallionim@imageshack.us,Male,11.12.57.173
672,Taddeusz,Margrem,tmargremin@seattletimes.com,Agender,223.168.118.236
673,Gherardo,Gotobed,ggotobedio@xinhuanet.com,Agender,42.56.189.15
674,Johnette,O'Hagerty,johagertyip@ezinearticles.com,Bigender,101.55.203.18
675,Enrico,Dallas,edallasiq@histats.com,Polygender,240.68.56.119
676,Chickie,Dovey,cdoveyir@de.vu,Male,79.43.17.147
677,Derward,Franzman,dfranzmanis@netlog.com,Bigender,215.163.43.169
678,Rivy,Maykin,rmaykinit@parallels.com,Male,134.0.105.233
679,Marco,Langworthy,mlangworthyiu@youtu.be,Bigender,45.45.35.167
680,Angelle,Patzelt,apatzeltiv@vk.com,Polygender,162.183.209.19
681,Clementine,Holdin,choldiniw@imgur.com,Polygender,205.16.210.158
682,Madelin,Mawby,mmawbyix@liveinternet.ru,Male,211.129.95.71
683,Renado,Pilling,rpillingiy@newsvine.com,Agender,205.219.194.60
684,Lorena,Jeffes,ljeffesiz@clickbank.net,Agender,84.186.25.192
685,Elset,Martynka,emartynkaj0@patch.com,Genderqueer,12.130.197.161
686,Corena,Colrein,ccolreinj1@biblegateway.com,Polygender,139.95.90.21
687,Pru,Loadman,ploadmanj2@amazon.de,Female,111.62.255.172
688,Aggi,Hendrick,ahendrickj3@bing.com,Female,70.176.3.101
689,Haroun,Realff,hrealffj4@google.ru,Bigender,5.188.222.187
690,Donn,Enrico,denricoj5@blogtalkradio.com,Agender,254.69.25.56
691,Helena,Mongenot,hmongenotj6@cyberchimps.com,Bigender,41.136.48.174
692,Isadora,Borles,iborlesj7@cyberchimps.com,Bigender,255.137.164.182
693,Arthur,Risdale,arisdalej8@bravesites.com,Male,253.160.172.242
694,Ardath,Anney,aanneyj9@marriott.com,Female,105.95.234.158
695,Cherilyn,Ricker,crickerja@twitpic.com,Agender,6.33.37.121
696,Hally,Hawley,hhawleyjb@state.gov,Non-binary,124.82.194.191
697,Beverie,Povey,bpoveyjc@statcounter.com,Non-binary,240.240.114.45
698,Calla,Kroon,ckroonjd@nydailynews.com,Genderqueer,52.22.54.79
699,Vonnie,Leaman,vleamanje@amazon.de,Bigender,74.128.101.102
700,Millie,Ashurst,mashurstjf@yellowpages.com,Genderqueer,203.32.36.148
701,Adrian,Zukierman,azukiermanjg@nps.gov,Genderqueer,49.104.157.134
702,Juana,Cattell,jcattelljh@list-manage.com,Bigender,214.65.204.91
703,Jackie,Jaquemar,jjaquemarji@networksolutions.com,Genderfluid,251.246.46.233
704,Gratiana,Vint,gvintjj@amazon.de,Polygender,153.52.115.49
705,Ive,Hammor,ihammorjk@nature.com,Genderqueer,30.73.95.214
706,Ozzy,McCord,omccordjl@reverbnation.com,Agender,41.193.29.73
707,Annice,Sprankling,aspranklingjm@tripod.com,Female,49.6.190.33
708,Orlan,Mackriell,omackrielljn@flavors.me,Non-binary,7.211.108.125
709,Joaquin,Timlin,jtimlinjo@nymag.com,Bigender,242.72.118.47
710,Dennie,Bantham,dbanthamjp@rediff.com,Female,196.124.42.61
711,Zoe,MacCourt,zmaccourtjq@pen.io,Non-binary,232.10.69.90
712,Calvin,Tyers,ctyersjr@opera.com,Genderfluid,146.212.139.116
713,Gabby,Okell,gokelljs@statcounter.com,Genderqueer,188.95.235.172
714,Jeremy,Ripsher,jripsherjt@cbslocal.com,Bigender,225.39.100.129
715,Editha,McKirton,emckirtonju@pagesperso-orange.fr,Male,178.196.154.54
716,Beatrice,Berardt,bberardtjv@yellowbook.com,Non-binary,137.148.245.99
717,Rafe,Gibbons,rgibbonsjw@netvibes.com,Polygender,76.182.19.213
718,Davin,Thiem,dthiemjx@freewebs.com,Male,95.190.190.140
719,Nealson,Van T'Hoog,nvanthoogjy@businessweek.com,Bigender,222.185.62.1
720,Nanon,Nolda,nnoldajz@businesswire.com,Genderqueer,179.135.98.4
721,Tove,McCarly,tmccarlyk0@soundcloud.com,Genderqueer,63.202.125.81
722,Karlotte,Nickols,knickolsk1@google.ru,Non-binary,108.219.111.114
723,Dominik,Ollander,dollanderk2@tumblr.com,Male,128.122.8.74
724,Masha,Martinson,mmartinsonk3@people.com.cn,Non-binary,43.103.31.248
725,Sandy,Oldknow,soldknowk4@buzzfeed.com,Polygender,148.93.115.223
726,Millisent,McQuarrie,mmcquarriek5@about.me,Non-binary,93.71.78.164
727,Norrie,O'Duggan,noduggank6@blogspot.com,Genderfluid,83.14.105.203
728,Rafe,Rourke,rrourkek7@va.gov,Non-binary,230.207.169.206
729,Tally,Dewer,tdewerk8@irs.gov,Male,227.8.254.109
730,Sabra,Jobke,sjobkek9@tripadvisor.com,Polygender,195.107.126.180
731,Cherilynn,Suggey,csuggeyka@mysql.com,Agender,247.151.54.91
732,Steffen,Piercey,spierceykb@youtu.be,Genderfluid,64.228.38.109
733,Arnaldo,Dionsetto,adionsettokc@rakuten.co.jp,Bigender,61.177.71.112
734,Etan,Poytres,epoytreskd@ning.com,Genderqueer,140.228.225.58
735,Curtice,Fergyson,cfergysonke@barnesandnoble.com,Bigender,118.19.129.56
736,Alexis,Benoiton,abenoitonkf@yelp.com,Agender,143.34.235.170
737,Gabriell,Pordal,gpordalkg@amazon.de,Non-binary,120.230.60.245
738,Salli,Witherop,switheropkh@nifty.com,Genderfluid,82.196.214.119
739,Rubie,Thomelin,rthomelinki@washington.edu,Agender,51.51.7.67
740,Genna,Pigney,gpigneykj@ezinearticles.com,Female,155.55.242.63
741,Josias,Gudyer,jgudyerkk@weibo.com,Polygender,70.228.106.1
742,Lyell,Faulkes,lfaulkeskl@msu.edu,Female,80.225.77.105
743,Nolly,Joynson,njoynsonkm@sbwire.com,Male,174.200.184.221
744,Filbert,Braddick,fbraddickkn@behance.net,Genderqueer,95.2.145.179
745,Merna,Axe,maxeko@marketwatch.com,Polygender,171.182.89.172
746,Bert,Stanman,bstanmankp@etsy.com,Male,203.32.183.92
747,Vidovic,McCoughan,vmccoughankq@fastcompany.com,Agender,150.61.199.180
748,Padraic,Menlow,pmenlowkr@hugedomains.com,Polygender,74.45.96.160
749,Burl,Seakes,bseakesks@blog.com,Agender,210.209.66.56
750,Audi,Shippey,ashippeykt@sakura.ne.jp,Male,30.85.38.169
751,Jackie,Haye,jhayeku@cnbc.com,Agender,22.37.31.121
752,Germayne,Duran,gdurankv@usgs.gov,Bigender,151.63.53.24
753,Derry,Bonhan,dbonhankw@sourceforge.net,Agender,255.165.30.250
754,Judie,Bromell,jbromellkx@godaddy.com,Genderqueer,254.253.14.19
755,Dacie,Geater,dgeaterky@google.com.br,Non-binary,75.73.60.80
756,Adrianna,Colleer,acolleerkz@mlb.com,Genderfluid,191.25.201.80
757,Reagen,Bellwood,rbellwoodl0@springer.com,Genderfluid,6.148.111.140
758,Lauren,Gadie,lgadiel1@cbc.ca,Polygender,9.166.81.104
759,Ellynn,Asquez,easquezl2@tinypic.com,Bigender,189.197.53.174
760,Friedrich,Rembrandt,frembrandtl3@e-recht24.de,Agender,105.3.29.218
761,Caresse,Brash,cbrashl4@macromedia.com,Polygender,207.63.175.25
762,Anthony,Aylmore,aaylmorel5@statcounter.com,Female,132.74.231.181
763,El,Gotmann,egotmannl6@ihg.com,Male,113.2.119.27
764,Ervin,Burgoyne,eburgoynel7@networksolutions.com,Agender,61.146.30.110
765,Dagny,Sheals,dshealsl8@printfriendly.com,Male,212.116.230.26
766,Ward,Harrinson,wharrinsonl9@pcworld.com,Agender,220.190.144.5
767,Cory,Newlove,cnewlovela@cpanel.net,Genderfluid,21.242.87.2
768,Jude,McWhin,jmcwhinlb@hatena.ne.jp,Male,142.2.24.96
769,Carce,Goncalo,cgoncalolc@sina.com.cn,Female,216.45.190.71
770,Maura,Sheere,msheereld@bandcamp.com,Non-binary,177.54.202.42
771,Nananne,Gunn,ngunnle@auda.org.au,Genderqueer,79.158.58.178
772,Chanda,Attenbarrow,cattenbarrowlf@studiopress.com,Genderfluid,46.191.106.118
773,Buckie,Yukhnini,byukhninilg@google.cn,Bigender,54.253.102.250
774,Cathie,Joontjes,cjoontjeslh@telegraph.co.uk,Male,16.7.130.232
775,Heath,Nicholls,hnichollsli@businessweek.com,Female,9.1.37.56
776,Andromache,Brannan,abrannanlj@usgs.gov,Non-binary,211.66.218.211
777,Fair,Bosence,fbosencelk@virginia.edu,Bigender,40.130.19.6
778,Hieronymus,Yerby,hyerbyll@stanford.edu,Non-binary,75.113.136.158
779,Pavia,Firminger,pfirmingerlm@bizjournals.com,Non-binary,123.97.103.223
780,Beatrisa,Newlands,bnewlandsln@webmd.com,Polygender,235.157.138.226
781,Ayn,Scare,ascarelo@thetimes.co.uk,Genderqueer,21.246.178.163
782,Tammara,Rawcliffe,trawcliffelp@chronoengine.com,Bigender,233.73.215.81
783,Richmond,Tufts,rtuftslq@howstuffworks.com,Bigender,124.190.47.169
784,Wood,Radish,wradishlr@wix.com,Agender,84.110.136.161
785,Becca,Timlett,btimlettls@bluehost.com,Polygender,56.239.253.99
786,Henrietta,Blencowe,hblencowelt@netvibes.com,Female,191.141.242.149
787,Dee,Meuse,dmeuselu@dyndns.org,Female,160.125.153.136
788,Rockwell,Gilbard,rgilbardlv@sourceforge.net,Bigender,253.80.164.103
789,Bianka,Grahamslaw,bgrahamslawlw@shop-pro.jp,Agender,31.92.22.203
790,Margi,Peter,mpeterlx@opera.com,Bigender,170.245.54.255
791,Deerdre,Coyne,dcoynely@yale.edu,Non-binary,34.170.232.146
792,Lura,Chmiel,lchmiellz@netvibes.com,Non-binary,93.65.209.167
793,Janella,Lambrecht,jlambrechtm0@ask.com,Bigender,69.46.95.216
794,Bertina,Landa,blandam1@youtu.be,Agender,65.132.27.51
795,Violet,Bousfield,vbousfieldm2@paginegialle.it,Polygender,183.121.155.200
796,Tatiania,Pover,tpoverm3@nba.com,Non-binary,89.246.214.253
797,Tess,Greet,tgreetm4@theatlantic.com,Bigender,177.79.135.104
798,Loise,Peto,lpetom5@amazonaws.com,Bigender,70.229.72.113
799,Ramonda,Bengoechea,rbengoecheam6@omniture.com,Agender,210.127.169.102
800,El,De Morena,edemorenam7@youku.com,Female,95.24.88.232
801,Rachael,Kemmet,rkemmetm8@timesonline.co.uk,Polygender,108.246.127.122
802,Kippy,Dach,kdachm9@spotify.com,Bigender,193.68.212.4
803,Antonina,Cahalin,acahalinma@devhub.com,Genderfluid,173.195.78.54
804,Vanny,Hooban,vhoobanmb@blinklist.com,Polygender,101.98.234.15
805,Doll,Tanswell,dtanswellmc@mlb.com,Agender,84.250.40.164
806,Hesther,Buist,hbuistmd@amazon.co.jp,Non-binary,133.178.202.189
807,Rianon,Staton,rstatonme@google.it,Genderfluid,220.124.100.116
808,Mort,Greatham,mgreathammf@seesaa.net,Agender,207.20.175.110
809,Myranda,Hazelby,mhazelbymg@mapy.cz,Genderqueer,48.129.27.131
810,Leeanne,D'Aeth,ldaethmh@homestead.com,Polygender,181.112.2.170
811,Frieda,Dunnan,fdunnanmi@harvard.edu,Genderfluid,224.59.49.154
812,Miran,Bowne,mbownemj@sakura.ne.jp,Female,174.201.248.190
813,Ad,Yousef,ayousefmk@symantec.com,Bigender,5.31.220.44
814,Orbadiah,Loachhead,oloachheadml@topsy.com,Bigender,164.77.14.102
815,Doria,Readett,dreadettmm@dailymail.co.uk,Genderfluid,218.138.139.230
816,Danica,Gever,dgevermn@phoca.cz,Polygender,65.126.75.172
817,Alex,De Bruyn,adebruynmo@theatlantic.com,Male,249.119.70.55
818,Sonnie,Notman,snotmanmp@t.co,Bigender,52.179.109.208
819,Christel,Gelling,cgellingmq@arstechnica.com,Female,175.177.162.91
820,Adan,Eyrl,aeyrlmr@de.vu,Polygender,129.105.148.143
821,Thayne,Deniso,tdenisoms@mlb.com,Genderqueer,202.113.0.128
822,Aline,Itscovitz,aitscovitzmt@instagram.com,Male,42.233.110.87
823,Leonidas,Bratton,lbrattonmu@walmart.com,Agender,61.191.57.221
824,Luisa,Dinesen,ldinesenmv@nytimes.com,Agender,120.99.235.154
825,Levon,Newey,lneweymw@blogspot.com,Non-binary,244.47.33.172
826,Andre,Care,acaremx@reference.com,Bigender,224.149.17.229
827,Winnifred,Godney,wgodneymy@friendfeed.com,Non-binary,205.117.163.240
828,Sergei,Ragdale,sragdalemz@alibaba.com,Polygender,197.89.106.230
829,Barrie,Willock,bwillockn0@eepurl.com,Non-binary,180.43.87.178
830,Wyatt,Du Hamel,wduhameln1@paypal.com,Male,212.162.82.6
831,Rosaline,Cuffley,rcuffleyn2@ycombinator.com,Non-binary,33.142.235.223
832,Tabatha,Waskett,twaskettn3@histats.com,Genderfluid,80.148.103.50
833,Donnamarie,Garthland,dgarthlandn4@gravatar.com,Agender,237.151.242.217
834,Artemus,Yurin,ayurinn5@auda.org.au,Male,106.220.229.123
835,Emlyn,Jedraszek,ejedraszekn6@biblegateway.com,Male,25.211.79.138
836,Whitman,Totterdill,wtotterdilln7@sourceforge.net,Genderqueer,17.128.136.157
837,Corinna,Gantzer,cgantzern8@comcast.net,Male,23.243.117.100
838,Tudor,Jonuzi,tjonuzin9@list-manage.com,Agender,209.113.143.207
839,Buddie,Ronci,broncina@unblog.fr,Non-binary,183.11.39.162
840,Trisha,Faussett,tfaussettnb@abc.net.au,Bigender,164.146.251.88
841,Cos,Halstead,chalsteadnc@boston.com,Female,246.89.125.157
842,Deidre,Stewart,dstewartnd@google.ru,Genderqueer,222.155.139.137
843,Dora,Littlefair,dlittlefairne@scientificamerican.com,Bigender,37.48.94.111
844,Witty,Corzor,wcorzornf@admin.ch,Female,112.132.237.26
845,Humbert,Willden,hwilldenng@mlb.com,Polygender,47.117.102.220
846,Cyndie,Rheaume,crheaumenh@xinhuanet.com,Non-binary,81.54.244.55
847,Nerissa,Plevin,nplevinni@army.mil,Polygender,83.226.114.228
848,Tobye,Brugmann,tbrugmannnj@imgur.com,Non-binary,205.63.166.234
849,Ambrosius,Aizlewood,aaizlewoodnk@simplemachines.org,Non-binary,147.251.205.172
850,Elizabeth,Lunn,elunnnl@cloudflare.com,Female,64.211.57.206
851,Kaylyn,Kuhnert,kkuhnertnm@addthis.com,Bigender,87.142.228.129
852,Mollie,Spoward,mspowardnn@shop-pro.jp,Genderqueer,147.217.115.154
853,Rosina,Downe,rdowneno@comsenz.com,Polygender,162.126.100.149
854,Alfie,Van Bruggen,avanbruggennp@hostgator.com,Male,116.29.253.6
855,Lindsey,Mechi,lmechinq@nps.gov,Non-binary,76.73.153.90
856,Minta,Jelley,mjelleynr@vkontakte.ru,Female,188.209.163.246
857,Tonie,Mitford,tmitfordns@rediff.com,Bigender,237.13.151.128
858,Cosette,Tremayne,ctremaynent@umn.edu,Genderfluid,109.214.36.130
859,Vina,Coveney,vcoveneynu@spiegel.de,Bigender,66.148.75.22
860,Sylvan,Kienlein,skienleinnv@biblegateway.com,Genderfluid,106.146.50.102
861,Teddie,Klosa,tklosanw@friendfeed.com,Female,39.91.124.5
862,Bald,Jacqueminot,bjacqueminotnx@un.org,Genderqueer,242.76.235.85
863,Colin,Featherstonhaugh,cfeatherstonhaughny@netlog.com,Bigender,65.18.96.123
864,Ardine,Peirone,apeironenz@woothemes.com,Bigender,27.16.240.156
865,Mychal,Anderl,manderlo0@sfgate.com,Bigender,40.9.153.110
866,Tabb,Welch,twelcho1@bandcamp.com,Male,164.59.27.54
867,Bernardine,Stichall,bstichallo2@istockphoto.com,Genderqueer,105.72.216.50
868,Deanna,Denyakin,ddenyakino3@vinaora.com,Bigender,147.252.117.109
869,Meggy,Bliven,mbliveno4@amazon.co.jp,Bigender,33.179.151.41
870,Sallyann,Morffew,smorffewo5@com.com,Female,117.180.184.118
871,Marcelle,Maslen,mmasleno6@so-net.ne.jp,Polygender,218.140.113.210
872,Harley,Sadry,hsadryo7@constantcontact.com,Genderqueer,195.7.251.99
873,Benedick,Gullick,bgullicko8@i2i.jp,Genderqueer,118.182.235.102
874,Adams,Scadding,ascaddingo9@people.com.cn,Bigender,159.91.41.178
875,Cassi,Glyn,cglynoa@usatoday.com,Agender,146.62.51.229
876,Moina,Krishtopaittis,mkrishtopaittisob@telegraph.co.uk,Non-binary,221.38.49.212
877,Rickie,McClelland,rmcclellandoc@wordpress.com,Genderqueer,22.28.230.29
878,Damita,Sousa,dsousaod@mapy.cz,Polygender,180.77.73.54
879,Ingemar,Thoday,ithodayoe@mozilla.org,Polygender,37.17.16.23
880,Dulcinea,Giacomini,dgiacominiof@china.com.cn,Genderfluid,8.55.145.37
881,Dill,Postin,dpostinog@blog.com,Genderqueer,182.236.240.139
882,Carla,Hattoe,chattoeoh@pcworld.com,Agender,115.241.71.48
883,Clareta,Raye,crayeoi@live.com,Genderqueer,190.231.246.194
884,Ansell,Pether,apetheroj@topsy.com,Polygender,67.53.5.30
885,Sofia,Berdale,sberdaleok@java.com,Agender,141.159.133.110
886,Carling,Kellitt,ckellittol@amazon.co.uk,Female,46.29.179.91
887,Anthony,Escofier,aescofierom@addthis.com,Genderqueer,221.207.43.191
888,Chaddy,McGarrie,cmcgarrieon@gnu.org,Female,86.98.172.184
889,Brittany,Mathew,bmathewoo@google.com.au,Bigender,146.251.247.216
890,Paula,McCoish,pmccoishop@weebly.com,Bigender,17.159.210.97
891,Franchot,Rawling,frawlingoq@imageshack.us,Genderfluid,247.9.130.168
892,Weidar,Croal,wcroalor@vinaora.com,Genderqueer,247.221.150.124
893,Liana,O'Neill,loneillos@macromedia.com,Polygender,17.195.58.158
894,Bonni,Manoch,bmanochot@dagondesign.com,Genderqueer,166.31.121.173
895,Wilmar,McDougald,wmcdougaldou@seesaa.net,Agender,80.227.115.113
896,Marcela,Aikman,maikmanov@disqus.com,Agender,106.88.15.235
897,Shirley,Scantlebury,sscantleburyow@globo.com,Agender,104.195.91.223
898,Loraine,Urling,lurlingox@whitehouse.gov,Male,66.169.140.50
899,Lizette,Hans,lhansoy@mysql.com,Genderfluid,233.13.223.219
900,Francesco,Labba,flabbaoz@naver.com,Genderqueer,11.199.57.144
901,Ofella,Fields,ofieldsp0@globo.com,Genderfluid,241.64.151.174
902,Mufinella,MacLeese,mmacleesep1@oaic.gov.au,Non-binary,244.66.247.226
903,Frances,Hendrikse,fhendriksep2@irs.gov,Female,85.213.83.117
904,Glenn,Harome,gharomep3@istockphoto.com,Genderfluid,164.3.218.155
905,Franciskus,Brotherick,fbrotherickp4@chronoengine.com,Male,174.234.172.125
906,Vernen,Bascombe,vbascombep5@etsy.com,Male,242.85.112.27
907,Chrissy,Basset,cbassetp6@last.fm,Genderfluid,8.236.180.141
908,Dalston,Peter,dpeterp7@php.net,Bigender,57.235.108.209
909,Paulita,Mercik,pmercikp8@1688.com,Bigender,191.115.105.144
910,Paddy,Dulany,pdulanyp9@ovh.net,Female,181.93.236.86
911,Cookie,Umbert,cumbertpa@sogou.com,Polygender,0.149.118.244
912,Sadie,Castle,scastlepb@patch.com,Genderfluid,152.211.43.66
913,Antonin,McMurdo,amcmurdopc@imdb.com,Agender,52.204.115.162
914,Marcy,Rollinson,mrollinsonpd@furl.net,Genderqueer,77.36.67.5
915,Ferrel,Rosle,froslepe@mtv.com,Bigender,211.128.182.125
916,Tory,Flanigan,tflaniganpf@goo.gl,Bigender,111.16.200.170
917,Aloisia,Petranek,apetranekpg@eventbrite.com,Male,103.230.85.211
918,Terrell,Gratrex,tgratrexph@moonfruit.com,Polygender,204.72.210.47
919,Leigha,Drinkall,ldrinkallpi@foxnews.com,Polygender,25.135.240.198
920,Jorge,Arkell,jarkellpj@xing.com,Polygender,213.35.67.93
921,Wilmette,Cayette,wcayettepk@hud.gov,Non-binary,81.85.215.185
922,Kaitlin,Yezafovich,kyezafovichpl@fotki.com,Agender,198.145.199.163
923,Kathe,Salla,ksallapm@dagondesign.com,Female,156.1.16.18
924,Ilyse,Simeoni,isimeonipn@comcast.net,Agender,205.143.79.113
925,Cass,Edney,cedneypo@elpais.com,Bigender,196.65.45.244
926,Northrup,Potteridge,npotteridgepp@wikia.com,Non-binary,38.180.40.144
927,Dari,Cescotti,dcescottipq@noaa.gov,Bigender,83.228.239.118
928,Adrianna,Checchi,achecchipr@example.com,Polygender,210.163.105.81
929,Ariella,McGinn,amcginnps@dmoz.org,Bigender,174.159.79.26
930,Ashley,Muccino,amuccinopt@wunderground.com,Bigender,54.204.210.24
931,Katy,Caldecutt,kcaldecuttpu@newyorker.com,Genderqueer,77.148.145.72
932,Danita,Fellman,dfellmanpv@w3.org,Polygender,224.235.65.94
933,Carson,Broderick,cbroderickpw@mail.ru,Bigender,157.14.251.204
934,Issy,Skingley,iskingleypx@ucoz.com,Agender,191.26.45.52
935,Karon,Probart,kprobartpy@reuters.com,Genderqueer,0.11.84.127
936,Zora,Aaronson,zaaronsonpz@canalblog.com,Polygender,235.235.163.83
937,Thaddus,Medlar,tmedlarq0@cafepress.com,Non-binary,69.164.42.26
938,Dacia,Shemelt,dshemeltq1@upenn.edu,Polygender,232.186.215.15
939,Robinett,Divine,rdivineq2@xrea.com,Non-binary,0.100.96.181
940,Yorke,Tabourier,ytabourierq3@washingtonpost.com,Male,141.140.213.0
941,Dorolice,Moller,dmollerq4@mashable.com,Non-binary,164.85.97.41
942,Phillipp,Sturzaker,psturzakerq5@so-net.ne.jp,Male,87.129.11.249
943,Curry,Janas,cjanasq6@weather.com,Male,152.237.107.69
944,Fredrika,Cayton,fcaytonq7@domainmarket.com,Male,103.249.188.166
945,Danyette,Jehan,djehanq8@phpbb.com,Bigender,216.59.71.166
946,Iver,Heliot,iheliotq9@ca.gov,Genderqueer,58.241.26.147
947,Alysia,Hurndall,ahurndallqa@techcrunch.com,Agender,121.254.237.216
948,Derrick,Follis,dfollisqb@digg.com,Non-binary,100.68.246.0
949,Elias,Gallihawk,egallihawkqc@wufoo.com,Non-binary,246.204.155.18
950,Kellyann,Carles,kcarlesqd@europa.eu,Female,139.53.111.179
951,Clerkclaude,Kelloch,ckellochqe@vk.com,Non-binary,24.29.209.159
952,Omar,Ellams,oellamsqf@miibeian.gov.cn,Genderqueer,111.139.249.247
953,Warden,Tax,wtaxqg@gravatar.com,Bigender,241.13.31.235
954,Pris,Rustich,prustichqh@cbslocal.com,Male,9.240.167.36
955,Zachery,Furlonge,zfurlongeqi@rediff.com,Female,170.227.234.206
956,Sue,Heberden,sheberdenqj@bloomberg.com,Female,55.93.98.106
957,Ranna,Kee,rkeeqk@ca.gov,Bigender,190.12.157.141
958,Janos,McEnery,jmceneryql@hhs.gov,Genderfluid,144.124.242.137
959,Sean,Shortin,sshortinqm@blinklist.com,Bigender,26.160.198.202
960,Jareb,Breissan,jbreissanqn@dailymotion.com,Genderqueer,176.190.195.218
961,Frazier,Norquoy,fnorquoyqo@indiegogo.com,Non-binary,187.188.147.16
962,Shep,Bewick,sbewickqp@friendfeed.com,Non-binary,216.106.156.242
963,Emmanuel,Seegar,eseegarqq@bigcartel.com,Genderqueer,245.217.223.222
964,Stafani,Hastwell,shastwellqr@intel.com,Bigender,60.189.80.242
965,Herve,Strafford,hstraffordqs@amazon.com,Female,195.227.2.91
966,Cicily,McCanny,cmccannyqt@ucsd.edu,Bigender,234.66.216.150
967,Carey,Scroggs,cscroggsqu@moonfruit.com,Genderqueer,189.209.234.27
968,Darelle,Salt,dsaltqv@storify.com,Bigender,234.221.113.28
969,Mada,Uccelli,muccelliqw@marriott.com,Female,108.150.25.105
970,Debby,Vase,dvaseqx@artisteer.com,Bigender,68.168.239.116
971,Margie,Cleife,mcleifeqy@constantcontact.com,Genderqueer,205.238.142.211
972,Zaccaria,McKechnie,zmckechnieqz@wiley.com,Bigender,50.112.116.47
973,Bonni,Squier,bsquierr0@ifeng.com,Polygender,137.214.96.62
974,Taddeusz,Halhead,thalheadr1@4shared.com,Agender,93.254.3.35
975,Lisette,Osorio,losorior2@fc2.com,Female,0.82.65.236
976,Carey,Udey,cudeyr3@usatoday.com,Female,245.78.75.72
977,Casey,Neat,cneatr4@indiatimes.com,Female,40.109.147.220
978,Florance,Farnall,ffarnallr5@aboutads.info,Genderqueer,40.249.232.177
979,Harcourt,Blodgetts,hblodgettsr6@imageshack.us,Polygender,222.85.155.247
980,Robenia,Yakovl,ryakovlr7@drupal.org,Bigender,214.75.238.41
981,Britte,Vasser,bvasserr8@hugedomains.com,Female,87.66.30.209
982,Karl,Seaking,kseakingr9@tiny.cc,Genderfluid,241.118.80.53
983,Vivyanne,Klich,vklichra@example.com,Agender,210.119.63.156
984,Trish,Cleen,tcleenrb@bing.com,Agender,91.79.139.161
985,Tootsie,MacAscaidh,tmacascaidhrc@cyberchimps.com,Genderqueer,83.31.121.89
986,Storm,Friedank,sfriedankrd@zdnet.com,Male,40.126.87.230
987,Neda,Jeske,njeskere@businessinsider.com,Male,160.92.127.245
988,Morlee,Wynett,mwynettrf@mit.edu,Male,23.14.235.118
989,Myrah,Bruniges,mbrunigesrg@chicagotribune.com,Agender,83.13.154.73
990,Reina,Fuxman,rfuxmanrh@sina.com.cn,Non-binary,185.64.15.74
991,Ferd,Sabathier,fsabathierri@aol.com,Genderfluid,20.6.113.0
992,Saxon,Dunnet,sdunnetrj@twitpic.com,Female,93.112.19.235
993,Marlena,Halcro,mhalcrork@jimdo.com,Female,210.83.155.226
994,Erik,Piscotti,episcottirl@usa.gov,Non-binary,139.38.22.29
995,Ransell,Ferminger,rfermingerrm@360.cn,Female,251.142.126.14
996,Reg,Madine,rmadinern@addthis.com,Genderfluid,189.168.203.213
997,Oates,Westphal,owestphalro@geocities.com,Bigender,191.86.103.147
998,Lily,Valintine,lvalintinerp@ustream.tv,Non-binary,236.101.129.17
999,Jessica,Dinjes,jdinjesrq@mozilla.com,Male,45.155.202.216
1000,Dyanna,Race,dracerr@imageshack.us,Genderfluid,220.143.85.173
